name,hourly_cost,vcpu,memory,storage,network,performance_per_vcpu,network_burst,ebs_burst
a1.medium,$0.02550,1,2 GiB,EBS Only,Up to 10 Gigabit,,,
a1.large,$0.05100,2,4 GiB,EBS Only,Up to 10 Gigabit,,,
a1.xlarge,$0.10200,4,8 GiB,EBS Only,Up to 10 Gigabit,,,
a1.2xlarge,$0.20400,8,16 GiB,EBS Only,Up to 10 Gigabit,,,
a1.4xlarge,$0.40800,16,32 GiB,EBS Only,Up to 10 Gigabit,,,
a1.metal,$0.40800,16,32 GiB,EBS Only,Up to 10 Gigabit,,,
t4g.nano,$0.00420,2,0.5 GiB,EBS Only,Up to 5 Gigabit,0.05,Up to 5,"Up to 2,085"
t4g.micro,$0.00840,2,1 GiB,EBS Only,Up to 5 Gigabit,0.10,Up to 5,"Up to 2,085"
t4g.small,$0.01680,2,2 GiB,EBS Only,Up to 5 Gigabit,0.20,Up to 5,"Up to 2,085"
t4g.medium,$0.03360,2,4 GiB,EBS Only,Up to 5 Gigabit,0.20,Up to 5,"Up to 2,085"
t4g.large,$0.06720,2,8 GiB,EBS Only,Up to 5 Gigabit,0.30,Up to 5,"Up to 2,780"
t4g.xlarge,$0.13440,4,16 GiB,EBS Only,Up to 5 Gigabit,0.40,Up to 5,"Up to 2,780"
t4g.2xlarge,$0.26880,8,32 GiB,EBS Only,Up to 5 Gigabit,0.40,Up to 5,"Up to 2,780"
t3.nano,$0.00520,2,0.5 GiB,EBS Only,Up to 5 Gigabit,0.05,5,"Up to 2,085"
t3.micro,$0.01040,2,1 GiB,EBS Only,Up to 5 Gigabit,0.10,5,"Up to 2,085"
t3.small,$0.02080,2,2 GiB,EBS Only,Up to 5 Gigabit,0.20,5,"Up to 2,085"
t3.medium,$0.04160,2,4 GiB,EBS Only,Up to 5 Gigabit,0.20,5,"Up to 2,085"
t3.large,$0.08320,2,8 GiB,EBS Only,Up to 5 Gigabit,0.30,5,"Up to 2,780"
t3.xlarge,$0.16640,4,16 GiB,EBS Only,Up to 5 Gigabit,0.40,5,"Up to 2,780"
t3.2xlarge,$0.33280,8,32 GiB,EBS Only,Up to 5 Gigabit,0.40,5,"Up to 2,780"
t3a.nano,$0.00470,2,0.5 GiB,EBS Only,Up to 5 Gigabit,0.05,5,"Up to 2,085"
t3a.micro,$0.00940,2,1 GiB,EBS Only,Up to 5 Gigabit,0.10,5,"Up to 2,085"
t3a.small,$0.01880,2,2 GiB,EBS Only,Up to 5 Gigabit,0.20,5,"Up to 2,085"
t3a.medium,$0.03760,2,4 GiB,EBS Only,Up to 5 Gigabit,0.20,5,"Up to 2,085"
t3a.large,$0.07520,2,8 GiB,EBS Only,Up to 5 Gigabit,0.30,5,"Up to 2,780"
t3a.xlarge,$0.15040,4,16 GiB,EBS Only,Up to 5 Gigabit,0.40,5,"Up to 2,780"
t3a.2xlarge,$0.30080,8,32 GiB,EBS Only,Up to 5 Gigabit,0.40,5,"Up to 2,780"
t2.nano,$0.00580,1,0.5 GiB,EBS Only,Low,,,
t2.micro,$0.01160,1,1 GiB,EBS Only,Low to Moderate,,,
t2.small,$0.02300,1,2 GiB,EBS Only,Low to Moderate,,,
t2.medium,$0.04640,2,4 GiB,EBS Only,Low to Moderate,,,
t2.large,$0.09280,2,8 GiB,EBS Only,Low to Moderate,,,
t2.xlarge,$0.18560,4,16 GiB,EBS Only,Moderate,,,
t2.2xlarge,$0.37120,8,32 GiB,EBS Only,Moderate,,,
m7g.medium,$0.04080,1,4 GiB,EBS Only,Up to 12500 Megabit,,,
m7g.large,$0.08160,2,8 GiB,EBS Only,Up to 12500 Megabit,,,
m7g.xlarge,$0.16320,4,16 GiB,EBS Only,Up to 12500 Megabit,,,
m7g.2xlarge,$0.32640,8,32 GiB,EBS Only,Up to 15 Gigabit,,,
m7g.4xlarge,$0.65280,16,64 GiB,EBS Only,Up to 15 Gigabit,,,
m7g.8xlarge,$1.30560,32,128 GiB,EBS Only,15 Gigabit,,,
m7g.12xlarge,$1.95840,48,192 GiB,EBS Only,22500 Megabit,,,
m7g.16xlarge,$2.61120,64,256 GiB,EBS Only,30 Gigabit,,,
m7g.metal,$2.61120,64,256 GiB,EBS Only,30 Gigabit,,,
m6a.large,$0.08640,2,8 GiB,EBS Only,Up to 12500 Megabit,,,
m6a.xlarge,$0.17280,4,16 GiB,EBS Only,Up to 12500 Megabit,,,
m6a.2xlarge,$0.34560,8,32 GiB,EBS Only,Up to 12500 Megabit,,,
m6a.4xlarge,$0.69120,16,64 GiB,EBS Only,Up to 12500 Megabit,,,
m6a.8xlarge,$1.38240,32,128 GiB,EBS Only,12500 Megabit,,,
m6a.12xlarge,$2.07360,48,192 GiB,EBS Only,18750 Megabit,,,
m6a.16xlarge,$2.76480,64,256 GiB,EBS Only,25000 Megabit,,,
m6a.24xlarge,$4.14720,96,384 GiB,EBS Only,37500 Megabit,,,
m6a.32xlarge,$5.52960,128,512 GiB,EBS Only,50000 Megabit,,,
m6a.48xlarge,$8.29440,192,768 GiB,EBS Only,50000 Megabit,,,
m6a.metal,$8.29440,192,768 GiB,EBS Only,50000 Megabit,,,
m6g.medium,$0.03850,1,4 GiB,EBS Only,Up to 10 Gigabit,,,
m6g.large,$0.07700,2,8 GiB,EBS Only,Up to 10 Gigabit,,,
m6g.xlarge,$0.15400,4,16 GiB,EBS Only,Up to 10 Gigabit,,,
m6g.2xlarge,$0.30800,8,32 GiB,EBS Only,Up to 10 Gigabit,,,
m6g.4xlarge,$0.61600,16,64 GiB,EBS Only,Up to 10 Gigabit,,,
m6g.8xlarge,$1.23200,32,128 GiB,EBS Only,12 Gigabit,,,
m6g.12xlarge,$1.84800,48,192 GiB,EBS Only,20 Gigabit,,,
m6g.16xlarge,$2.46400,64,256 GiB,EBS Only,25 Gigabit,,,
m6g.metal,$2.46400,64,256 GiB,EBS Only,25 Gigabit,,,
m6gd.medium,$0.04520,1,4 GiB,1 x 59 NVMe SSD,Up to 10 Gigabit,,,
m6gd.large,$0.09040,2,8 GiB,1 x 118 NVMe SSD,Up to 10 Gigabit,,,
m6gd.xlarge,$0.18080,4,16 GiB,1 x 237 NVMe SSD,Up to 10 Gigabit,,,
m6gd.2xlarge,$0.36160,8,32 GiB,1 x 475 NVMe SSD,Up to 10 Gigabit,,,
m6gd.4xlarge,$0.72320,16,64 GiB,1 x 950 NVMe SSD,Up to 10 Gigabit,,,
m6gd.8xlarge,$1.44640,32,128 GiB,1 x 1900 NVMe SSD,12 Gigabit,,,
m6gd.12xlarge,$2.16960,48,192 GiB,2 x 1425 NVMe SSD,20 Gigabit,,,
m6gd.16xlarge,$2.89280,64,256 GiB,2 x 1900 NVMe SSD,25 Gigabit,,,
m6gd.metal,$2.89280,64,256 GiB,2 x 1900 NVMe SSD,25 Gigabit,,,
m6i.large,$0.09600,2,8 GiB,EBS Only,Up to 12500 Megabit,,,
m6i.xlarge,$0.19200,4,16 GiB,EBS Only,Up to 12500 Megabit,,,
m6i.2xlarge,$0.38400,8,32 GiB,EBS Only,Up to 12500 Megabit,,,
m6i.4xlarge,$0.76800,16,64 GiB,EBS Only,Up to 12500 Megabit,,,
m6i.8xlarge,$1.53600,32,128 GiB,EBS Only,12500 Megabit,,,
m6i.12xlarge,$2.30400,48,192 GiB,EBS Only,18750 Megabit,,,
m6i.16xlarge,$3.07200,64,256 GiB,EBS Only,25000 Megabit,,,
m6i.24xlarge,$4.60800,96,384 GiB,EBS Only,37500 Megabit,,,
m6i.32xlarge,$6.14400,128,512 GiB,EBS Only,50000 Megabit,,,
m6i.metal,$6.14400,128,512 GiB,EBS Only,50000 Megabit,,,
m6id.large,$0.11865,2,8 GiB,1 x 118 SSD,Up to 12500 Megabit,,,
m6id.xlarge,$0.23730,4,16 GiB,1 x 237 SSD,Up to 12500 Megabit,,,
m6id.2xlarge,$0.47460,8,32 GiB,1 x 474 SSD,Up to 12500 Megabit,,,
m6id.4xlarge,$0.94920,16,64 GiB,1 x 950 SSD,Up to 12500 Megabit,,,
m6id.8xlarge,$1.89840,32,128 GiB,1 x 1900 SSD,12500 Megabit,,,
m6id.12xlarge,$2.84760,48,192 GiB,2 x 1425 SSD,18750 Megabit,,,
m6id.16xlarge,$3.79680,64,256 GiB,2 x 1900 SSD,25000 Megabit,,,
m6id.24xlarge,$5.69520,96,384 GiB,4 x 1425 SSD,37500 Megabit,,,
m6id.32xlarge,$7.59360,128,512 GiB,4 x 1900 SSD,50000 Megabit,,,
m6id.metal,$7.59360,128,512 GiB,4 x 1900 SSD,50000 Megabit,,,
m6idn.large,$0.15912,2,8 GiB,1 x 118 SSD,Up to 25000 Megabit,,,
m6idn.xlarge,$0.31824,4,16 GiB,1 x 237 SSD,Up to 30000 Megabit,,,
m6idn.2xlarge,$0.63648,8,32 GiB,1 x 474 SSD,Up to 40000 Megabit,,,
m6idn.4xlarge,$1.27296,16,64 GiB,1 x 950 SSD,Up to 50000 Megabit,,,
m6idn.8xlarge,$2.54592,32,128 GiB,1 x 1900 SSD,50000 Megabit,,,
m6idn.12xlarge,$3.81888,48,192 GiB,2 x 1425 SSD,75000 Megabit,,,
m6idn.16xlarge,$5.09184,64,256 GiB,2 x 1900 SSD,100000 Megabit,,,
m6idn.24xlarge,$7.63776,96,384 GiB,4 x 1425 SSD,150000 Megabit,,,
m6idn.32xlarge,$10.18368,128,512 GiB,4 x 1900 SSD,200000 Megabit,,,
m6idn.metal,$10.18368,128,512 GiB,4 x 1900 SSD,200000 Megabit,,,
m6in.large,$0.13923,2,8 GiB,EBS Only,Up to 25000 Megabit,,,
m6in.xlarge,$0.27846,4,16 GiB,EBS Only,Up to 30000 Megabit,,,
m6in.2xlarge,$0.55692,8,32 GiB,EBS Only,Up to 40000 Megabit,,,
m6in.4xlarge,$1.11384,16,64 GiB,EBS Only,Up to 50000 Megabit,,,
m6in.8xlarge,$2.22768,32,128 GiB,EBS Only,50000 Megabit,,,
m6in.12xlarge,$3.34152,48,192 GiB,EBS Only,75000 Megabit,,,
m6in.16xlarge,$4.45536,64,256 GiB,EBS Only,100000 Megabit,,,
m6in.24xlarge,$6.68304,96,384 GiB,EBS Only,150000 Megabit,,,
m6in.32xlarge,$8.91072,128,512 GiB,EBS Only,200000 Megabit,,,
m6in.metal,$8.91072,128,512 GiB,EBS Only,200000 Megabit,,,
m5.large,$0.09600,2,8 GiB,EBS Only,Up to 10 Gigabit,,,
m5.xlarge,$0.19200,4,16 GiB,EBS Only,Up to 10 Gigabit,,,
m5.2xlarge,$0.38400,8,32 GiB,EBS Only,Up to 10 Gigabit,,,
m5.4xlarge,$0.76800,16,64 GiB,EBS Only,Up to 10 Gigabit,,,
m5.8xlarge,$1.53600,32,128 GiB,EBS Only,10 Gigabit,,,
m5.12xlarge,$2.30400,48,192 GiB,EBS Only,10 Gigabit,,,
m5.16xlarge,$3.07200,64,256 GiB,EBS Only,20 Gigabit,,,
m5.24xlarge,$4.60800,96,384 GiB,EBS Only,25 Gigabit,,,
m5.metal,$4.60800,96,384 GiB,EBS Only,25 Gigabit,,,
m5a.large,$0.08600,2,8 GiB,EBS Only,Up to 10 Gigabit,,,
m5a.xlarge,$0.17200,4,16 GiB,EBS Only,Up to 10 Gigabit,,,
m5a.2xlarge,$0.34400,8,32 GiB,EBS Only,Up to 10 Gigabit,,,
m5a.4xlarge,$0.68800,16,64 GiB,EBS Only,Up to 10 Gigabit,,,
m5a.8xlarge,$1.37600,32,128 GiB,EBS Only,Up to 10 Gigabit,,,
m5a.12xlarge,$2.06400,48,192 GiB,EBS Only,10 Gigabit,,,
m5a.16xlarge,$2.75200,64,256 GiB,EBS Only,12 Gigabit,,,
m5a.24xlarge,$4.12800,96,384 GiB,EBS Only,20 Gigabit,,,
m5ad.large,$0.10300,2,8 GiB,1 x 75 NVMe SSD,Up to 10 Gigabit,,,
m5ad.xlarge,$0.20600,4,16 GiB,1 x 150 NVMe SSD,Up to 10 Gigabit,,,
m5ad.2xlarge,$0.41200,8,32 GiB,1 x 300 NVMe SSD,Up to 10 Gigabit,,,
m5ad.4xlarge,$0.82400,16,64 GiB,2 x 300 NVMe SSD,Up to 10 Gigabit,,,
m5ad.8xlarge,$1.64800,32,128 GiB,2 x 600 NVMe SSD,Up to 10 Gigabit,,,
m5ad.12xlarge,$2.47200,48,192 GiB,2 x 900 NVMe SSD,10 Gigabit,,,
m5ad.16xlarge,$3.29600,64,256 GiB,4 x 600 NVMe SSD,12 Gigabit,,,
m5ad.24xlarge,$4.94400,96,384 GiB,4 x 900 NVMe SSD,20 Gigabit,,,
m5d.large,$0.11300,2,8 GiB,1 x 75 NVMe SSD,Up to 10 Gigabit,,,
m5d.xlarge,$0.22600,4,16 GiB,1 x 150 NVMe SSD,Up to 10 Gigabit,,,
m5d.2xlarge,$0.45200,8,32 GiB,1 x 300 NVMe SSD,Up to 10 Gigabit,,,
m5d.4xlarge,$0.90400,16,64 GiB,2 x 300 NVMe SSD,Up to 10 Gigabit,,,
m5d.8xlarge,$1.80800,32,128 GiB,2 x 600 NVMe SSD,10 Gigabit,,,
m5d.12xlarge,$2.71200,48,192 GiB,2 x 900 NVMe SSD,10 Gigabit,,,
m5d.16xlarge,$3.61600,64,256 GiB,4 x 600 NVMe SSD,20 Gigabit,,,
m5d.24xlarge,$5.42400,96,384 GiB,4 x 900 NVMe SSD,25 Gigabit,,,
m5d.metal,$5.42400,96,384 GiB,4 x 900 NVMe SSD,25 Gigabit,,,
m5dn.large,$0.13600,2,8 GiB,1 x 75 NVMe SSD,Up to 25 Gigabit,,,
m5dn.xlarge,$0.27200,4,16 GiB,1 x 150 NVMe SSD,Up to 25 Gigabit,,,
m5dn.2xlarge,$0.54400,8,32 GiB,1 x 300 NVMe SSD,Up to 25 Gigabit,,,
m5dn.4xlarge,$1.08800,16,64 GiB,2 x 300 NVMe SSD,Up to 25 Gigabit,,,
m5dn.8xlarge,$2.17600,32,128 GiB,2 x 600 NVMe SSD,25 Gigabit,,,
m5dn.12xlarge,$3.26400,48,192 GiB,2 x 900 GB NVMe SSD,50 Gigabit,,,
m5dn.16xlarge,$4.35200,64,256 GiB,4 x 600 NVMe SSD,75 Gigabit,,,
m5dn.24xlarge,$6.52800,96,384 GiB,4 x 900 NVMe SSD,100 Gigabit,,,
m5dn.metal,$6.52800,96,384 GiB,4 x 900 NVMe SSD,100 Gigabit,,,
m5n.large,$0.11900,2,8 GiB,EBS Only,Up to 25 Gigabit,,,
m5n.xlarge,$0.23800,4,16 GiB,EBS Only,Up to 25 Gigabit,,,
m5n.2xlarge,$0.47600,8,32 GiB,EBS Only,Up to 25 Gigabit,,,
m5n.4xlarge,$0.95200,16,64 GiB,EBS Only,Up to 25 Gigabit,,,
m5n.8xlarge,$1.90400,32,128 GiB,EBS Only,25 Gigabit,,,
m5n.12xlarge,$2.85600,48,192 GiB,EBS Only,50 Gigabit,,,
m5n.16xlarge,$3.80800,64,256 GiB,EBS Only,75 Gigabit,,,
m5n.24xlarge,$5.71200,96,384 GiB,EBS Only,100 Gigabit,,,
m5n.metal,$5.71200,96,384 GiB,EBS Only,100 Gigabit,,,
m5zn.large,$0.16520,2,8 GiB,EBS Only,Up to 25 Gigabit,,,
m5zn.xlarge,$0.33030,4,16 GiB,EBS Only,Up to 25 Gigabit,,,
m5zn.2xlarge,$0.66070,8,32 GiB,EBS Only,Up to 25 Gigabit,,,
m5zn.3xlarge,$0.99100,12,48 GiB,EBS Only,Up to 25 Gigabit,,,
m5zn.6xlarge,$1.98200,24,96 GiB,EBS Only,50 Gigabit,,,
m5zn.12xlarge,$3.96410,48,192 GiB,EBS Only,100 Gigabit,,,
m5zn.metal,$3.96410,48,192 GiB,EBS Only,100 Gigabit,,,
m4.large,$0.10000,2,8 GiB,EBS Only,Moderate,,,
m4.xlarge,$0.20000,4,16 GiB,EBS Only,High,,,
m4.2xlarge,$0.40000,8,32 GiB,EBS Only,High,,,
m4.4xlarge,$0.80000,16,64 GiB,EBS Only,High,,,
m4.10xlarge,$2.00000,40,160 GiB,EBS Only,10 Gigabit,,,
m4.16xlarge,$3.20000,64,256 GiB,EBS Only,20 Gigabit,,,
c7g.medium,$0.03630,1,2 GiB,EBS Only,Up to 12500 Megabit,,,
c7g.large,$0.07250,2,4 GiB,EBS Only,Up to 12500 Megabit,,,
c7g.xlarge,$0.14500,4,8 GiB,EBS Only,Up to 12500 Megabit,,,
c7g.2xlarge,$0.29000,8,16 GiB,EBS Only,Up to 15 Gigabit,,,
c7g.4xlarge,$0.58000,16,32 GiB,EBS Only,Up to 15 Gigabit,,,
c7g.8xlarge,$1.16000,32,64 GiB,EBS Only,15 Gigabit,,,
c7g.12xlarge,$1.74000,48,96 GiB,EBS Only,22500 Megabit,,,
c7g.16xlarge,$2.32000,64,128 GiB,EBS Only,30 Gigabit,,,
c7g.metal,$2.32000,64,128 GiB,EBS Only,30 Gigabit,,,
c7gn.medium,$0.06240,1,2 GiB,EBS Only,Up to 25 Gigabit,,,
c7gn.large,$0.12480,2,4 GiB,EBS Only,Up to 30 Gigabit,,,
c7gn.xlarge,$0.24960,4,8 GiB,EBS Only,Up to 40 Gigabit,,,
c7gn.2xlarge,$0.49920,8,16 GiB,EBS Only,Up to 50 Gigabit,,,
c7gn.4xlarge,$0.99840,16,32 GiB,EBS Only,50 Gigabit,,,
c7gn.8xlarge,$1.99680,32,64 GiB,EBS Only,100 Gigabit,,,
c7gn.12xlarge,$2.99520,48,96 GiB,EBS Only,150 Gigabit,,,
c7gn.16xlarge,$3.99360,64,128 GiB,EBS Only,200 Gigabit,,,
c6a.large,$0.07650,2,4 GiB,EBS Only,Up to 12500 Megabit,,,
c6a.xlarge,$0.15300,4,8 GiB,EBS Only,Up to 12500 Megabit,,,
c6a.2xlarge,$0.30600,8,16 GiB,EBS Only,Up to 12500 Megabit,,,
c6a.4xlarge,$0.61200,16,32 GiB,EBS Only,Up to 12500 Megabit,,,
c6a.8xlarge,$1.22400,32,64 GiB,EBS Only,12500 Megabit,,,
c6a.12xlarge,$1.83600,48,96 GiB,EBS Only,18750 Megabit,,,
c6a.16xlarge,$2.44800,64,128 GiB,EBS Only,25000 Megabit,,,
c6a.24xlarge,$3.67200,96,192 GiB,EBS Only,37500 Megabit,,,
c6a.32xlarge,$4.89600,128,256 GiB,EBS Only,50000 Megabit,,,
c6a.48xlarge,$7.34400,192,384 GiB,EBS Only,50000 Megabit,,,
c6a.metal,$7.34400,192,384 GiB,EBS Only,50000 Megabit,,,
c6g.medium,$0.03400,1,2 GiB,EBS Only,Up to 10 Gigabit,,,
c6g.large,$0.06800,2,4 GiB,EBS Only,Up to 10 Gigabit,,,
c6g.xlarge,$0.13600,4,8 GiB,EBS Only,Up to 10 Gigabit,,,
c6g.2xlarge,$0.27200,8,16 GiB,EBS Only,Up to 10 Gigabit,,,
c6g.4xlarge,$0.54400,16,32 GiB,EBS Only,Up to 10 Gigabit,,,
c6g.8xlarge,$1.08800,32,64 GiB,EBS Only,12 Gigabit,,,
c6g.12xlarge,$1.63200,48,96 GiB,EBS Only,20 Gigabit,,,
c6g.16xlarge,$2.17600,64,128 GiB,EBS Only,25 Gigabit,,,
c6g.metal,$2.17600,64,128 GiB,EBS Only,25 Gigabit,,,
c6gd.medium,$0.03840,1,2 GiB,1 x 59 NVMe SSD,Up to 10 Gigabit,,,
c6gd.large,$0.07680,2,4 GiB,1 x 118 NVMe SSD,Up to 10 Gigabit,,,
c6gd.xlarge,$0.15360,4,8 GiB,1 x 237 NVMe SSD,Up to 10 Gigabit,,,
c6gd.2xlarge,$0.30720,8,16 GiB,1 x 475 NVMe SSD,Up to 10 Gigabit,,,
c6gd.4xlarge,$0.61440,16,32 GiB,1 x 950 NVMe SSD,Up to 10 Gigabit,,,
c6gd.8xlarge,$1.22880,32,64 GiB,1 x 1900 NVMe SSD,12 Gigabit,,,
c6gd.12xlarge,$1.84320,48,96 GiB,2 x 1425 NVMe SSD,20 Gigabit,,,
c6gd.16xlarge,$2.45760,64,128 GiB,2 x 1900 NVMe SSD,25 Gigabit,,,
c6gd.metal,$2.45760,64,128 GiB,2 x 1900 NVMe SSD,25 Gigabit,,,
c6gn.medium,$0.04320,1,2 GiB,EBS Only,Up to 25 Gigabit,,,
c6gn.large,$0.08640,2,4 GiB,EBS Only,Up to 25 Gigabit,,,
c6gn.xlarge,$0.17280,4,8 GiB,EBS Only,Up to 25 Gigabit,,,
c6gn.2xlarge,$0.34560,8,16 GiB,EBS Only,Up to 25 Gigabit,,,
c6gn.4xlarge,$0.69120,16,32 GiB,EBS Only,25 Gigabit,,,
c6gn.8xlarge,$1.38240,32,64 GiB,EBS Only,50 Gigabit,,,
c6gn.12xlarge,$2.07360,48,96 GiB,EBS Only,75 Gigabit,,,
c6gn.16xlarge,$2.76480,64,128 GiB,EBS Only,100 Gigabit,,,
c6i.large,$0.08500,2,4 GiB,EBS Only,Up to 12500 Megabit,,,
c6i.xlarge,$0.17000,4,8 GiB,EBS Only,Up to 12500 Megabit,,,
c6i.2xlarge,$0.34000,8,16 GiB,EBS Only,Up to 12500 Megabit,,,
c6i.4xlarge,$0.68000,16,32 GiB,EBS Only,Up to 12500 Megabit,,,
c6i.8xlarge,$1.36000,32,64 GiB,EBS Only,12500 Megabit,,,
c6i.12xlarge,$2.04000,48,96 GiB,EBS Only,18750 Megabit,,,
c6i.16xlarge,$2.72000,64,128 GiB,EBS Only,25000 Megabit,,,
c6i.24xlarge,$4.08000,96,192 GiB,EBS Only,37500 Megabit,,,
c6i.32xlarge,$5.44000,128,256 GiB,EBS Only,50000 Megabit,,,
c6i.metal,$5.44000,128,256 GiB,EBS Only,50000 Megabit,,,
c6id.large,$0.10080,2,4 GiB,1 x 118 SSD,Up to 12500 Megabit,,,
c6id.xlarge,$0.20160,4,8 GiB,1 x 237 SSD,Up to 12500 Megabit,,,
c6id.2xlarge,$0.40320,8,16 GiB,1 x 474 SSD,Up to 12500 Megabit,,,
c6id.4xlarge,$0.80640,16,32 GiB,1 x 950 SSD,Up to 12500 Megabit,,,
c6id.8xlarge,$1.61280,32,64 GiB,1 x 1900 SSD,12500 Megabit,,,
c6id.12xlarge,$2.41920,48,96 GiB,2 x 1425 SSD,18750 Megabit,,,
c6id.16xlarge,$3.22560,64,128 GiB,2 x 1900 SSD,25000 Megabit,,,
c6id.24xlarge,$4.83840,96,192 GiB,4 x 1425 SSD,37500 Megabit,,,
c6id.32xlarge,$6.45120,128,256 GiB,4 x 1900 SSD,50000 Megabit,,,
c6id.metal,$6.45120,128,256 GiB,4 x 1900 SSD,50000 Megabit,,,
c6in.large,$0.11340,2,4 GiB,EBS Only,Up to 25000 Megabit,,,
c6in.xlarge,$0.22680,4,8 GiB,EBS Only,Up to 30000 Megabit,,,
c6in.2xlarge,$0.45360,8,16 GiB,EBS Only,Up to 40000 Megabit,,,
c6in.4xlarge,$0.90720,16,32 GiB,EBS Only,Up to 50000 Megabit,,,
c6in.8xlarge,$1.81440,32,64 GiB,EBS Only,50000 Megabit,,,
c6in.12xlarge,$2.72160,48,96 GiB,EBS Only,75000 Megabit,,,
c6in.16xlarge,$3.62880,64,128 GiB,EBS Only,100000 Megabit,,,
c6in.24xlarge,$5.44320,96,192 GiB,EBS Only,150000 Megabit,,,
c6in.32xlarge,$7.25760,128,256 GiB,EBS Only,200000 Megabit,,,
c6in.metal,$7.25760,128,256 GiB,EBS Only,200000 Megabit,,,
c5.large,$0.08500,2,4 GiB,EBS Only,Up to 10 Gigabit,,,
c5.xlarge,$0.17000,4,8 GiB,EBS Only,Up to 10 Gigabit,,,
c5.2xlarge,$0.34000,8,16 GiB,EBS Only,Up to 10 Gigabit,,,
c5.4xlarge,$0.68000,16,32 GiB,EBS Only,Up to 10 Gigabit,,,
c5.9xlarge,$1.53000,36,72 GiB,EBS Only,10 Gigabit,,,
c5.12xlarge,$2.04000,48,96 GiB,EBS Only,12 Gigabit,,,
c5.18xlarge,$3.06000,72,144 GiB,EBS Only,25 Gigabit,,,
c5.24xlarge,$4.08000,96,192 GiB,EBS Only,25 Gigabit,,,
c5.metal,$4.08000,96,192 GiB,EBS Only,25 Gigabit,,,
c5a.large,$0.07700,2,4 GiB,EBS Only,Up to 10 Gigabit,,,
c5a.xlarge,$0.15400,4,8 GiB,EBS Only,Up to 10 Gigabit,,,
c5a.2xlarge,$0.30800,8,16 GiB,EBS Only,Up to 10 Gigabit,,,
c5a.4xlarge,$0.61600,16,32 GiB,EBS Only,Up to 10 Gigabit,,,
c5a.8xlarge,$1.23200,32,64 GiB,EBS Only,10 Gigabit,,,
c5a.12xlarge,$1.84800,48,96 GiB,EBS Only,12 Gigabit,,,
c5a.16xlarge,$2.46400,64,128 GiB,EBS Only,20 Gigabit,,,
c5a.24xlarge,$3.69600,96,192 GiB,EBS Only,20 Gigabit,,,
c5ad.large,$0.08600,2,4 GiB,1 x 75 NVMe SSD,Up to 10 Gigabit,,,
c5ad.xlarge,$0.17200,4,8 GiB,1 x 150 NVMe SSD,Up to 10 Gigabit,,,
c5ad.2xlarge,$0.34400,8,16 GiB,1 x 300 NVMe SSD,Up to 10 Gigabit,,,
c5ad.4xlarge,$0.68800,16,32 GiB,2 x 300 NVMe SSD,Up to 10 Gigabit,,,
c5ad.8xlarge,$1.37600,32,64 GiB,2 x 600 NVMe SSD,10 Gigabit,,,
c5ad.12xlarge,$2.06400,48,96 GiB,2 x 900 NVMe SSD,12 Gigabit,,,
c5ad.16xlarge,$2.75200,64,128 GiB,2 x 1200 NVMe SSD,20 Gigabit,,,
c5ad.24xlarge,$4.12800,96,192 GiB,2 x 1900 NVMe SSD,20 Gigabit,,,
c5d.large,$0.09600,2,4 GiB,1 x 50 NVMe SSD,Up to 10 Gigabit,,,
c5d.xlarge,$0.19200,4,8 GiB,1 x 100 NVMe SSD,Up to 10 Gigabit,,,
c5d.2xlarge,$0.38400,8,16 GiB,1 x 200 NVMe SSD,Up to 10 Gigabit,,,
c5d.4xlarge,$0.76800,16,32 GiB,1 x 400 NVMe SSD,Up to 10 Gigabit,,,
c5d.9xlarge,$1.72800,36,72 GiB,1 x 900 NVMe SSD,10 Gigabit,,,
c5d.12xlarge,$2.30400,48,96 GiB,2 x 900 NVMe SSD,12 Gigabit,,,
c5d.18xlarge,$3.45600,72,144 GiB,2 x 900 NVMe SSD,25 Gigabit,,,
c5d.24xlarge,$4.60800,96,192 GiB,4 x 900 NVMe SSD,25 Gigabit,,,
c5d.metal,$4.60800,96,192 GiB,4 x 900 NVMe SSD,25 Gigabit,,,
c5n.large,$0.10800,2,5.25 GiB,EBS Only,Up to 25 Gigabit,,,
c5n.xlarge,$0.21600,4,10.5 GiB,EBS Only,Up to 25 Gigabit,,,
c5n.2xlarge,$0.43200,8,21 GiB,EBS Only,Up to 25 Gigabit,,,
c5n.4xlarge,$0.86400,16,42 GiB,EBS Only,Up to 25 Gigabit,,,
c5n.9xlarge,$1.94400,36,96 GiB,EBS Only,50 Gigabit,,,
c5n.18xlarge,$3.88800,72,192 GiB,EBS Only,100 Gigabit,,,
c5n.metal,$3.88800,72,192 GiB,EBS Only,100 Gigabit,,,
c4.large,$0.10000,2,3.75 GiB,EBS Only,Moderate,,,
c4.xlarge,$0.19900,4,7.5 GiB,EBS Only,High,,,
c4.2xlarge,$0.39800,8,15 GiB,EBS Only,High,,,
c4.4xlarge,$0.79600,16,30 GiB,EBS Only,High,,,
c4.8xlarge,$1.59100,36,60 GiB,EBS Only,10 Gigabit,,,
p4d.24xlarge,$32.77260,96,1152 GiB,8 x 1000 SSD,400 Gigabit,,,
p4de.24xlarge,$40.96575,96,1152 GiB,8 x 1000 SSD,400 Gigabit,,,
p3.2xlarge,$3.06000,8,61 GiB,EBS Only,Up to 10 Gigabit,,,
p3.8xlarge,$12.24000,32,244 GiB,EBS Only,10 Gigabit,,,
p3.16xlarge,$24.48000,64,488 GiB,EBS Only,25 Gigabit,,,
p3dn.24xlarge,$31.21200,96,768 GiB,2 x 900 NVMe SSD,100 Gigabit,,,
p2.xlarge,$0.90000,4,61 GiB,EBS Only,High,,,
p2.8xlarge,$7.20000,32,488 GiB,EBS Only,10 Gigabit,,,
p2.16xlarge,$14.40000,64,732 GiB,EBS Only,20 Gigabit,,,
g5.xlarge,$1.00600,4,16 GiB,1 x 250 GB NVMe SSD,Up to 10 Gigabit,,,
g5.2xlarge,$1.21200,8,32 GiB,1 x 450 GB NVMe SSD,Up to 10 Gigabit,,,
g5.4xlarge,$1.62400,16,64 GiB,1 x 600 GB NVMe SSD,Up to 25 Gigabit,,,
g5.8xlarge,$2.44800,32,128 GiB,1 x 900 GB NVMe SSD,25 Gigabit,,,
g5.12xlarge,$5.67200,48,192 GiB,1 x 3800 GB NVMe SSD,40 Gigabit,,,
g5.16xlarge,$4.09600,64,256 GiB,1 x 1900 GB NVMe SSD,25 Gigabit,,,
g5.24xlarge,$8.14400,96,384 GiB,1 x 3800 GB NVMe SSD,50 Gigabit,,,
g5.48xlarge,$16.28800,192,768 GiB,2 x 3800 GB NVMe SSD,100 Gigabit,,,
g5g.xlarge,$0.42000,4,8 GiB,EBS Only,Up to 10 Gigabit,,,
g5g.2xlarge,$0.55600,8,16 GiB,EBS Only,Up to 10 Gigabit,,,
g5g.4xlarge,$0.82800,16,32 GiB,EBS Only,Up to 10 Gigabit,,,
g5g.8xlarge,$1.37200,32,64 GiB,EBS Only,Up to 12 Gigabit,,,
g5g.16xlarge,$2.74400,64,128 GiB,EBS Only,25 Gigabit,,,
g5g.metal,$2.74400,64,128 GiB,EBS Only,25 Gigabit,,,
g4ad.xlarge,$0.37853,4,16 GiB,150 GB NVMe SSD,Up to 10 Gigabit,,,
g4ad.2xlarge,$0.54117,8,32 GiB,300 GB NVMe SSD,Up to 10 Gigabit,,,
g4ad.4xlarge,$0.86700,16,64 GiB,600 GB NVMe SSD,Up to 10 Gigabit,,,
g4ad.8xlarge,$1.73400,32,128 GiB,1200 GB NVMe SSD,15 Gigabit,,,
g4ad.16xlarge,$3.46800,64,256 GiB,2400 GB NVMe SSD,25 Gigabit,,,
g4dn.xlarge,$0.52600,4,16 GiB,125 GB NVMe SSD,Up to 25 Gigabit,,,
g4dn.2xlarge,$0.75200,8,32 GiB,225 GB NVMe SSD,Up to 25 Gigabit,,,
g4dn.4xlarge,$1.20400,16,64 GiB,225 GB NVMe SSD,Up to 25 Gigabit,,,
g4dn.8xlarge,$2.17600,32,128 GiB,900 GB NVMe SSD,50 Gigabit,,,
g4dn.12xlarge,$3.91200,48,192 GiB,900 GB NVMe SSD,50 Gigabit,,,
g4dn.16xlarge,$4.35200,64,256 GiB,900 GB NVMe SSD,50 Gigabit,,,
g4dn.metal,$7.82400,96,384 GiB,2 x 900 GB NVMe SSD,100 Gigabit,,,
g3.4xlarge,$1.14000,16,122 GiB,EBS Only,Up to 10 Gigabit,,,
g3.8xlarge,$2.28000,32,244 GiB,EBS Only,10 Gigabit,,,
g3.16xlarge,$4.56000,64,488 GiB,EBS Only,20 Gigabit,,,
g3s.xlarge,$0.75000,4,30.5 GiB,EBS Only,10 Gigabit,,,
f1.2xlarge,$1.65000,8,122 GiB,1 x 470 NVMe SSD,Up to 10 Gigabit,,,
f1.4xlarge,$3.30000,16,244 GiB,1 x 940 NVMe SSD,10 Gigabit,,,
f1.16xlarge,$13.20000,64,976 GiB,4 x 940 NVMe SSD,25 Gigabit,,,
x2gd.medium,$0.08350,1,16 GiB,1 x 59 SSD,Up to 10 Gigabit,,,
x2gd.large,$0.16700,2,32 GiB,1 x 118 SSD,Up to 10 Gigabit,,,
x2gd.xlarge,$0.33400,4,64 GiB,1 x 237 SSD,Up to 10 Gigabit,,,
x2gd.2xlarge,$0.66800,8,128 GiB,1 x 474 SSD,Up to 10 Gigabit,,,
x2gd.4xlarge,$1.33600,16,256 GiB,1 x 950 SSD,Up to 10 Gigabit,,,
x2gd.8xlarge,$2.67200,32,512 GiB,1 x 1900 SSD,12 Gigabit,,,
x2gd.12xlarge,$4.00800,48,768 GiB,2 x 1425 SSD,20 Gigabit,,,
x2gd.16xlarge,$5.34400,64,1024 GiB,2 x 1900 SSD,25 Gigabit,,,
x2gd.metal,$5.34400,64,1024 GiB,2 x 1900 SSD,25 Gigabit,,,
x2idn.16xlarge,$6.66900,64,1024 GiB,1 x 1900 NVMe SSD,50 Gigabit,,,
x2idn.24xlarge,$10.00350,96,1536 GiB,2 x 1425 NVMe SSD,75 Gigabit,,,
x2idn.32xlarge,$13.33800,128,2048 GiB,2 x 1900 NVMe SSD,100 Gigabit,,,
x2idn.metal,$13.33800,128,2048 GiB,2 x 1900 NVMe SSD,100 Gigabit,,,
x2iedn.xlarge,$0.83363,4,128 GiB,1 x 118 NVMe SSD,Up to 25 Gigabit,,,
x2iedn.2xlarge,$1.66725,8,256 GiB,1 x 237 NVMe SSD,Up to 25 Gigabit,,,
x2iedn.4xlarge,$3.33450,16,512 GiB,1 x 475 NVMe SSD,Up to 25 Gigabit,,,
x2iedn.8xlarge,$6.66900,32,1024 GiB,1 x 950 NVMe SSD,25 Gigabit,,,
x2iedn.16xlarge,$13.33800,64,2048 GiB,1 x 1900 NVMe SSD,50 Gigabit,,,
x2iedn.24xlarge,$20.00700,96,3072 GiB,2 x 1425 NVMe SSD,75 Gigabit,,,
x2iedn.32xlarge,$26.67600,128,4096 GiB,2 x 1900 NVMe SSD,100 Gigabit,,,
x2iedn.metal,$26.67600,128,4096 GiB,2 x 1900 NVMe SSD,100 Gigabit,,,
x2iezn.2xlarge,$1.66800,8,256 GiB,EBS Only,Up to 25 Gigabit,,,
x2iezn.4xlarge,$3.33600,16,512 GiB,EBS Only,Up to 25 Gigabit,,,
x2iezn.6xlarge,$5.00400,24,768 GiB,EBS Only,50 Gigabit,,,
x2iezn.8xlarge,$6.67200,32,1024 GiB,EBS Only,75 Gigabit,,,
x2iezn.12xlarge,$10.00800,48,1536 GiB,EBS Only,100 Gigabit,,,
x2iezn.metal,$10.00800,48,1536 GiB,EBS Only,100 Gigabit,,,
x1.16xlarge,$6.66900,64,976 GiB,1 x 1920 SSD,High,,,
x1.32xlarge,$13.33800,128,1952 GiB,2 x 1920 SSD,High,,,
x1e.xlarge,$0.83400,4,122 GiB,1 x 120 SSD,Up to 10 Gigabit,,,
x1e.2xlarge,$1.66800,8,244 GiB,1 x 240 SSD,Up to 10 Gigabit,,,
x1e.4xlarge,$3.33600,16,488 GiB,1 x 480 SSD,Up to 10 Gigabit,,,
x1e.8xlarge,$6.67200,32,976 GiB,1 x 960 SSD,Up to 10 Gigabit,,,
x1e.16xlarge,$13.34400,64,1952 GiB,1 x 1920 SSD,10 Gigabit,,,
x1e.32xlarge,$26.68800,128,3904 GiB,2 x 1920 SSD,25 Gigabit,,,
r7g.medium,$0.05360,1,8 GiB,EBS Only,Up to 12500 Megabit,,,
r7g.large,$0.10710,2,16 GiB,EBS Only,Up to 12500 Megabit,,,
r7g.xlarge,$0.21420,4,32 GiB,EBS Only,Up to 12500 Megabit,,,
r7g.2xlarge,$0.42840,8,64 GiB,EBS Only,Up to 15 Gigabit,,,
r7g.4xlarge,$0.85680,16,128 GiB,EBS Only,Up to 15 Gigabit,,,
r7g.8xlarge,$1.71360,32,256 GiB,EBS Only,15 Gigabit,,,
r7g.12xlarge,$2.57040,48,384 GiB,EBS Only,22500 Megabit,,,
r7g.16xlarge,$3.42720,64,512 GiB,EBS Only,30 Gigabit,,,
r7g.metal,$3.42720,64,512 GiB,EBS Only,30 Gigabit,,,
r6a.large,$0.11340,2,16 GiB,EBS Only,Up to 12500 Megabit,,,
r6a.xlarge,$0.22680,4,32 GiB,EBS Only,Up to 12500 Megabit,,,
r6a.2xlarge,$0.45360,8,64 GiB,EBS Only,Up to 12500 Megabit,,,
r6a.4xlarge,$0.90720,16,128 GiB,EBS Only,Up to 12500 Megabit,,,
r6a.8xlarge,$1.81440,32,256 GiB,EBS Only,12500 Megabit,,,
r6a.12xlarge,$2.72160,48,384 GiB,EBS Only,18750 Megabit,,,
r6a.16xlarge,$3.62880,64,512 GiB,EBS Only,25000 Megabit,,,
r6a.24xlarge,$5.44320,96,768 GiB,EBS Only,37500 Megabit,,,
r6a.32xlarge,$7.25760,128,1024 GiB,EBS Only,50000 Megabit,,,
r6a.48xlarge,$10.88640,192,1536 GiB,EBS Only,50000 Megabit,,,
r6a.metal,$10.88640,192,1536 GiB,EBS Only,50000 Megabit,,,
r6g.medium,$0.05040,1,8 GiB,EBS Only,Up to 10 Gigabit,,,
r6g.large,$0.10080,2,16 GiB,EBS Only,Up to 10 Gigabit,,,
r6g.xlarge,$0.20160,4,32 GiB,EBS Only,Up to 10 Gigabit,,,
r6g.2xlarge,$0.40320,8,64 GiB,EBS Only,Up to 10 Gigabit,,,
r6g.4xlarge,$0.80640,16,128 GiB,EBS Only,Up to 10 Gigabit,,,
r6g.8xlarge,$1.61280,32,256 GiB,EBS Only,12 Gigabit,,,
r6g.12xlarge,$2.41920,48,384 GiB,EBS Only,20 Gigabit,,,
r6g.16xlarge,$3.22560,64,512 GiB,EBS Only,25 Gigabit,,,
r6g.metal,$3.22560,64,512 GiB,EBS Only,25 Gigabit,,,
r6gd.medium,$0.05760,1,8 GiB,1 x 59 NVMe SSD,Up to 10 Gigabit,,,
r6gd.large,$0.11520,2,16 GiB,1 x 118 NVMe SSD,Up to 10 Gigabit,,,
r6gd.xlarge,$0.23040,4,32 GiB,1 x 237 NVMe SSD,Up to 10 Gigabit,,,
r6gd.2xlarge,$0.46080,8,64 GiB,1 x 475 NVMe SSD,Up to 10 Gigabit,,,
r6gd.4xlarge,$0.92160,16,128 GiB,1 x 950 NVMe SSD,Up to 10 Gigabit,,,
r6gd.8xlarge,$1.84320,32,256 GiB,1 x 1900 NVMe SSD,12 Gigabit,,,
r6gd.12xlarge,$2.76480,48,384 GiB,2 x 1425 NVMe SSD,20 Gigabit,,,
r6gd.16xlarge,$3.68640,64,512 GiB,2 x 1900 NVMe SSD,25 Gigabit,,,
r6gd.metal,$3.68640,64,512 GiB,2 x 1900 NVMe SSD,25 Gigabit,,,
r6i.large,$0.12600,2,16 GiB,EBS Only,Up to 12500 Megabit,,,
r6i.xlarge,$0.25200,4,32 GiB,EBS Only,Up to 12500 Megabit,,,
r6i.2xlarge,$0.50400,8,64 GiB,EBS Only,Up to 12500 Megabit,,,
r6i.4xlarge,$1.00800,16,128 GiB,EBS Only,Up to 12500 Megabit,,,
r6i.8xlarge,$2.01600,32,256 GiB,EBS Only,12500 Megabit,,,
r6i.12xlarge,$3.02400,48,384 GiB,EBS Only,18750 Megabit,,,
r6i.16xlarge,$4.03200,64,512 GiB,EBS Only,25000 Megabit,,,
r6i.24xlarge,$6.04800,96,768 GiB,EBS Only,37500 Megabit,,,
r6i.32xlarge,$8.06400,128,1024 GiB,EBS Only,50000 Megabit,,,
r6i.metal,$8.06400,128,1024 GiB,EBS Only,50000 Megabit,,,
r6id.large,$0.15120,2,16 GiB,1 x 118 SSD,Up to 12500 Megabit,,,
r6id.xlarge,$0.30240,4,32 GiB,1 x 237 SSD,Up to 12500 Megabit,,,
r6id.2xlarge,$0.60480,8,64 GiB,1 x 474 SSD,Up to 12500 Megabit,,,
r6id.4xlarge,$1.20960,16,128 GiB,1 x 950 SSD,Up to 12500 Megabit,,,
r6id.8xlarge,$2.41920,32,256 GiB,1 x 1900 SSD,12500 Megabit,,,
r6id.12xlarge,$3.62880,48,384 GiB,2 x 1425 SSD,18750 Megabit,,,
r6id.16xlarge,$4.83840,64,512 GiB,2 x 1900 SSD,25000 Megabit,,,
r6id.24xlarge,$7.25760,96,768 GiB,4 x 1425 SSD,37500 Megabit,,,
r6id.32xlarge,$9.67680,128,1024 GiB,4 x 1900 SSD,50000 Megabit,,,
r6id.metal,$9.67680,128,1024 GiB,4 x 1900 SSD,50000 Megabit,,,
r6idn.large,$0.19539,2,16 GiB,1 x 118 SSD,Up to 25000 Megabit,,,
r6idn.xlarge,$0.39078,4,32 GiB,1 x 237 SSD,Up to 30000 Megabit,,,
r6idn.2xlarge,$0.78156,8,64 GiB,1 x 474 SSD,Up to 40000 Megabit,,,
r6idn.4xlarge,$1.56312,16,128 GiB,1 x 950 SSD,Up to 50000 Megabit,,,
r6idn.8xlarge,$3.12624,32,256 GiB,1 x 1900 SSD,50000 Megabit,,,
r6idn.12xlarge,$4.68936,48,384 GiB,2 x 1425 SSD,75000 Megabit,,,
r6idn.16xlarge,$6.25248,64,512 GiB,2 x 1900 SSD,100000 Megabit,,,
r6idn.24xlarge,$9.37872,96,768 GiB,4 x 1425 SSD,150000 Megabit,,,
r6idn.32xlarge,$12.50496,128,1024 GiB,4 x 1900 SSD,200000 Megabit,,,
r6idn.metal,$12.50496,128,1024 GiB,4 x 1900 SSD,200000 Megabit,,,
r6in.large,$0.17433,2,16 GiB,EBS Only,Up to 25000 Megabit,,,
r6in.xlarge,$0.34866,4,32 GiB,EBS Only,Up to 30000 Megabit,,,
r6in.2xlarge,$0.69732,8,64 GiB,EBS Only,Up to 40000 Megabit,,,
r6in.4xlarge,$1.39464,16,128 GiB,EBS Only,Up to 50000 Megabit,,,
r6in.8xlarge,$2.78928,32,256 GiB,EBS Only,50000 Megabit,,,
r6in.12xlarge,$4.18392,48,384 GiB,EBS Only,75000 Megabit,,,
r6in.16xlarge,$5.57856,64,512 GiB,EBS Only,100000 Megabit,,,
r6in.24xlarge,$8.36784,96,768 GiB,EBS Only,150000 Megabit,,,
r6in.32xlarge,$11.15712,128,1024 GiB,EBS Only,200000 Megabit,,,
r6in.metal,$11.15712,128,1024 GiB,EBS Only,200000 Megabit,,,
r5.large,$0.12600,2,16 GiB,EBS Only,Up to 10 Gigabit,,,
r5.xlarge,$0.25200,4,32 GiB,EBS Only,Up to 10 Gigabit,,,
r5.2xlarge,$0.50400,8,64 GiB,EBS Only,Up to 10 Gigabit,,,
r5.4xlarge,$1.00800,16,128 GiB,EBS Only,Up to 10 Gigabit,,,
r5.8xlarge,$2.01600,32,256 GiB,EBS Only,10 Gigabit,,,
r5.12xlarge,$3.02400,48,384 GiB,EBS Only,10 Gigabit,,,
r5.16xlarge,$4.03200,64,512 GiB,EBS Only,20 Gigabit,,,
r5.24xlarge,$6.04800,96,768 GiB,EBS Only,25 Gigabit,,,
r5.metal,$6.04800,96,768 GiB,EBS Only,25 Gigabit,,,
r5a.large,$0.11300,2,16 GiB,EBS Only,Up to 10 Gigabit,,,
r5a.xlarge,$0.22600,4,32 GiB,EBS Only,Up to 10 Gigabit,,,
r5a.2xlarge,$0.45200,8,64 GiB,EBS Only,Up to 10 Gigabit,,,
r5a.4xlarge,$0.90400,16,128 GiB,EBS Only,Up to 10 Gigabit,,,
r5a.8xlarge,$1.80800,32,256 GiB,EBS Only,Up to 10 Gigabit,,,
r5a.12xlarge,$2.71200,48,384 GiB,EBS Only,10 Gigabit,,,
r5a.16xlarge,$3.61600,64,512 GiB,EBS Only,12 Gigabit,,,
r5a.24xlarge,$5.42400,96,768 GiB,EBS Only,20 Gigabit,,,
r5ad.large,$0.13100,2,16 GiB,1 x 75 NVMe SSD,Up to 10 Gigabit,,,
r5ad.xlarge,$0.26200,4,32 GiB,1 x 150 NVMe SSD,Up to 10 Gigabit,,,
r5ad.2xlarge,$0.52400,8,64 GiB,1 x 300 NVMe SSD,Up to 10 Gigabit,,,
r5ad.4xlarge,$1.04800,16,128 GiB,2 x 300 NVMe SSD,Up to 10 Gigabit,,,
r5ad.8xlarge,$2.09600,32,256 GiB,2 x 600 NVMe SSD,Up to 10 Gigabit,,,
r5ad.12xlarge,$3.14400,48,384 GiB,2 x 900 NVMe SSD,10 Gigabit,,,
r5ad.16xlarge,$4.19200,64,512 GiB,4 x 600 NVMe SSD,12 Gigabit,,,
r5ad.24xlarge,$6.28800,96,768 GiB,4 x 900 NVMe SSD,20 Gigabit,,,
r5b.large,$0.14900,2,16 GiB,EBS Only,Up to 10 Gigabit,,,
r5b.xlarge,$0.29800,4,32 GiB,EBS Only,Up to 10 Gigabit,,,
r5b.2xlarge,$0.59600,8,64 GiB,EBS Only,Up to 10 Gigabit,,,
r5b.4xlarge,$1.19200,16,128 GiB,EBS Only,Up to 10 Gigabit,,,
r5b.8xlarge,$2.38400,32,256 GiB,EBS Only,10 Gigabit,,,
r5b.12xlarge,$3.57600,48,384 GiB,EBS Only,10 Gigabit,,,
r5b.16xlarge,$4.76800,64,512 GiB,EBS Only,20 Gigabit,,,
r5b.24xlarge,$7.15200,96,768 GiB,EBS Only,25 Gigabit,,,
r5b.metal,$7.15200,96,768 GiB,EBS Only,25 Gigabit,,,
r5d.large,$0.14400,2,16 GiB,1 x 75 NVMe SSD,Up to 10 Gigabit,,,
r5d.xlarge,$0.28800,4,32 GiB,1 x 150 NVMe SSD,Up to 10 Gigabit,,,
r5d.2xlarge,$0.57600,8,64 GiB,1 x 300 NVMe SSD,Up to 10 Gigabit,,,
r5d.4xlarge,$1.15200,16,128 GiB,2 x 300 NVMe SSD,Up to 10 Gigabit,,,
r5d.8xlarge,$2.30400,32,256 GiB,2 x 600 NVMe SSD,10 Gigabit,,,
r5d.12xlarge,$3.45600,48,384 GiB,2 x 900 NVMe SSD,10 Gigabit,,,
r5d.16xlarge,$4.60800,64,512 GiB,4 x 600 NVMe SSD,20 Gigabit,,,
r5d.24xlarge,$6.91200,96,768 GiB,4 x 900 NVMe SSD,25 Gigabit,,,
r5d.metal,$6.91200,96,768 GiB,4 x 900 NVMe SSD,25 Gigabit,,,
r5dn.large,$0.16700,2,16 GiB,1 x 75 NVMe SSD,Up to 25 Gigabit,,,
r5dn.xlarge,$0.33400,4,32 GiB,1 x 150 NVMe SSD,Up to 25 Gigabit,,,
r5dn.2xlarge,$0.66800,8,64 GiB,1 x 300 NVMe SSD,Up to 25 Gigabit,,,
r5dn.4xlarge,$1.33600,16,128 GiB,2 x 300 NVMe SSD,Up to 25 Gigabit,,,
r5dn.8xlarge,$2.67200,32,256 GiB,2 x 600 NVMe SSD,25 Gigabit,,,
r5dn.12xlarge,$4.00800,48,384 GiB,2 x 900 GB NVMe SSD,50 Gigabit,,,
r5dn.16xlarge,$5.34400,64,512 GiB,4 x 600 NVMe SSD,75 Gigabit,,,
r5dn.24xlarge,$8.01600,96,768 GiB,4 x 900 NVMe SSD,100 Gigabit,,,
r5dn.metal,$8.01600,96,768 GiB,4 x 900 NVMe SSD,100 Gigabit,,,
r5n.large,$0.14900,2,16 GiB,EBS Only,Up to 25 Gigabit,,,
r5n.xlarge,$0.29800,4,32 GiB,EBS Only,Up to 25 Gigabit,,,
r5n.2xlarge,$0.59600,8,64 GiB,EBS Only,Up to 25 Gigabit,,,
r5n.4xlarge,$1.19200,16,128 GiB,EBS Only,Up to 25 Gigabit,,,
r5n.8xlarge,$2.38400,32,256 GiB,EBS Only,25 Gigabit,,,
r5n.12xlarge,$3.57600,48,384 GiB,EBS Only,50 Gigabit,,,
r5n.16xlarge,$4.76800,64,512 GiB,EBS Only,75 Gigabit,,,
r5n.24xlarge,$7.15200,96,768 GiB,EBS Only,100 Gigabit,,,
r5n.metal,$7.15200,96,768 GiB,EBS Only,100 Gigabit,,,
r4.large,$0.13300,2,15.25 GiB,EBS Only,Up to 10 Gigabit,,,
r4.xlarge,$0.26600,4,30.5 GiB,EBS Only,Up to 10 Gigabit,,,
r4.2xlarge,$0.53200,8,61 GiB,EBS Only,Up to 10 Gigabit,,,
r4.4xlarge,$1.06400,16,122 GiB,EBS Only,Up to 10 Gigabit,,,
r4.8xlarge,$2.12800,32,244 GiB,EBS Only,10 Gigabit,,,
r4.16xlarge,$4.25600,64,488 GiB,EBS Only,20 Gigabit,,,
z1d.large,$0.18600,2,16 GiB,1 x 75 NVMe SSD,Up to 10 Gigabit,,,
z1d.xlarge,$0.37200,4,32 GiB,1 x 150 NVMe SSD,Up to 10 Gigabit,,,
z1d.2xlarge,$0.74400,8,64 GiB,1 x 300 NVMe SSD,Up to 10 Gigabit,,,
z1d.3xlarge,$1.11600,12,96 GiB,1 x 450 NVMe SSD,Up to 10 Gigabit,,,
z1d.6xlarge,$2.23200,24,192 GiB,1 x 900 NVMe SSD,10 Gigabit,,,
z1d.12xlarge,$4.46400,48,384 GiB,2 x 900 NVMe SSD,25 Gigabit,,,
z1d.metal,$4.46400,48,384 GiB,2 x 900 NVMe SSD,25 Gigabit,,,
i4g.large,$0.15444,2,16 GiB,1 x 468 SSD,Up to 10 Gigabit,,,
i4g.xlarge,$0.30888,4,32 GiB,1 x 937 SSD,Up to 10 Gigabit,,,
i4g.2xlarge,$0.61776,8,64 GiB,1 x 1875 SSD,Up to 12 Gigabit,,,
i4g.4xlarge,$1.23552,16,128 GiB,1 x 3750 SSD,Up to 25 Gigabit,,,
i4g.8xlarge,$2.47104,32,256 GiB,2 x 3750 SSD,18750 Megabit,,,
i4g.16xlarge,$4.94208,64,512 GiB,4 x 3750 SSD,37500 Megabit,,,
i4i.large,$0.17200,2,16 GiB,1 x 468 NVMe SSD,Up to 10 Gigabit,,,
i4i.xlarge,$0.34300,4,32 GiB,1 x 937 NVMe SSD,Up to 10 Gigabit,,,
i4i.2xlarge,$0.68600,8,64 GiB,1 x 1875 NVMe SSD,Up to 12 Gigabit,,,
i4i.4xlarge,$1.37300,16,128 GiB,1 x 3750 NVMe SSD,Up to 25 Gigabit,,,
i4i.8xlarge,$2.74600,32,256 GiB,2 x 3750 NVMe SSD,18750 Megabit,,,
i4i.16xlarge,$5.49100,64,512 GiB,4 x 3750 NVMe SSD,37500 Megabit,,,
i4i.32xlarge,$10.98240,128,1024 GiB,8 x 3750 SSD,75000 Megabit,,,
i4i.metal,$10.98200,128,1024 GiB,8 x 3750 NVMe SSD,75000 Megabit,,,
i3.large,$0.15600,2,15.25 GiB,1 x 475 NVMe SSD,Up to 10 Gigabit,,,
i3.xlarge,$0.31200,4,30.5 GiB,1 x 950 NVMe SSD,Up to 10 Gigabit,,,
i3.2xlarge,$0.62400,8,61 GiB,1 x 1900 NVMe SSD,Up to 10 Gigabit,,,
i3.4xlarge,$1.24800,16,122 GiB,2 x 1900 NVMe SSD,Up to 10 Gigabit,,,
i3.8xlarge,$2.49600,32,244 GiB,4 x 1900 NVMe SSD,10 Gigabit,,,
i3.16xlarge,$4.99200,64,488 GiB,8 x 1900 NVMe SSD,20 Gigabit,,,
i3.metal,$4.99200,72,512 GiB,8 x 1900 NVMe SSD,25 Gigabit,,,
i3en.large,$0.22600,2,16 GiB,1 x 1250 NVMe SSD,Up to 25 Gigabit,,,
i3en.xlarge,$0.45200,4,32 GiB,1 x 2500 NVMe SSD,Up to 25 Gigabit,,,
i3en.2xlarge,$0.90400,8,64 GiB,2 x 2500 NVMe SSD,Up to 25 Gigabit,,,
i3en.3xlarge,$1.35600,12,96 GiB,1 x 7500 NVMe SSD,Up to 25 Gigabit,,,
i3en.6xlarge,$2.71200,24,192 GiB,2 x 7500 NVMe SSD,25 Gigabit,,,
i3en.12xlarge,$5.42400,48,384 GiB,4 x 7500 NVMe SSD,50 Gigabit,,,
i3en.24xlarge,$10.84800,96,768 GiB,8 x 7500 NVMe SSD,100 Gigabit,,,
i3en.metal,$10.84800,96,768 GiB,8 x 7500 NVMe SSD,100 Gigabit,,,
h1.2xlarge,$0.46800,8,32 GiB,1 x 2000 HDD,Up to 10 Gigabit,,,
h1.4xlarge,$0.93600,16,64 GiB,2 x 2000 HDD,Up to 10 Gigabit,,,
h1.8xlarge,$1.87200,32,128 GiB,4 x 2000 HDD,10 Gigabit,,,
h1.16xlarge,$3.74400,64,256 GiB,8 x 2000 HDD,25 Gigabit,,,
d3.xlarge,$0.49900,4,32 GiB,3 x 2000 HDD,Up to 15 Gigabit,,,
d3.2xlarge,$0.99900,8,64 GiB,6 x 2000 HDD,Up to 15 Gigabit,,,
d3.4xlarge,$1.99800,16,128 GiB,12 x 2000 HDD,Up to 15 Gigabit,,,
d3.8xlarge,$3.99552,32,256 GiB,24 x 2000 HDD,25 Gigabit,,,
d3en.xlarge,$0.52600,4,16 GiB,2 x 14000 HDD,Up to 25 Gigabit,,,
d3en.2xlarge,$1.05100,8,32 GiB,4 x 14000 HDD,Up to 25 Gigabit,,,
d3en.4xlarge,$2.10300,16,64 GiB,8 x 14000 HDD,25 Gigabit,,,
d3en.6xlarge,$3.15400,24,96 GiB,12 x 14000 HDD,40 Gigabit,,,
d3en.8xlarge,$4.20576,32,128 GiB,16 x 14000 HDD,50 Gigabit,,,
d3en.12xlarge,$6.30864,48,192 GiB,24 x 14000 HDD,75 Gigabit,,,
d2.xlarge,$0.69000,4,30.5 GiB,3 x 2000 HDD,Moderate,,,
d2.2xlarge,$1.38000,8,61 GiB,6 x 2000 HDD,High,,,
d2.4xlarge,$2.76000,16,122 GiB,12 x 2000 HDD,High,,,
d2.8xlarge,$5.52000,36,244 GiB,24 x 2000 HDD,10 Gigabit,,,
u-24tb1.112xlarge,$218.40000,448,24576 GiB,EBS Only,100 Gigabit,,,
u-18tb1.112xlarge,$163.80000,448,18432 GiB,EBS Only,100 Gigabit,,,
u-12tb1.112xlarge,$109.20000,448,12288 GiB,EBS Only,100 Gigabit,,,
u-9tb1.112xlarge,$81.90000,448,9216 GiB,EBS Only,100 Gigabit,,,
u-6tb1.56xlarge,$46.40391,224,6144 GiB,EBS Only,100 Gigabit,,,
u-6tb1.112xlarge,$54.60000,448,6144 GiB,EBS Only,100 Gigabit,,,
is4gen.medium,$0.14408,1,6 GiB,1 x 937 SSD,Up to 25 Gigabit,,,
is4gen.large,$0.28815,2,12 GiB,1 x 1875 SSD,Up to 25 Gigabit,,,
is4gen.xlarge,$0.57630,4,24 GiB,1 x 3750 SSD,Up to 25 Gigabit,,,
is4gen.2xlarge,$1.15260,8,48 GiB,1 x 7500 SSD,Up to 25 Gigabit,,,
is4gen.4xlarge,$2.30520,16,96 GiB,2 x 7500 SSD,25 Gigabit,,,
is4gen.8xlarge,$4.61040,32,192 GiB,4 x 7500 SSD,50 Gigabit,,,
im4gn.large,$0.18190,2,8 GiB,1 x 937 SSD,Up to 25 Gigabit,,,
im4gn.xlarge,$0.36379,4,16 GiB,1 x 1875 SSD,Up to 25 Gigabit,,,
im4gn.2xlarge,$0.72758,8,32 GiB,1 x 3750 SSD,Up to 25 Gigabit,,,
im4gn.4xlarge,$1.45517,16,64 GiB,1 x 7500 SSD,25 Gigabit,,,
im4gn.8xlarge,$2.91034,32,128 GiB,2 x 7500 SSD,50 Gigabit,,,
im4gn.16xlarge,$5.82067,64,256 GiB,4 x 7500 SSD,100 Gigabit,,,
u-3tb1.56xlarge,$27.30000,224,3072 GiB,EBS Only,50 Gigabit,,,
vt1.3xlarge,$0.65000,12,24 GiB,EBS Only,3125 Megabit,,,
vt1.6xlarge,$1.30000,24,48 GiB,EBS Only,6250 Megabit,,,
inf1.24xlarge,$4.72100,96,192 GiB,EBS Only,100 Gigabit,,,
dl1.24xlarge,$13.10904,96,768 GiB,4 x 1000 GB NVMe SSD,400 Gigabit,,,
trn1.32xlarge,$21.50000,128,512 GiB,4 x 1900 NVMe SSD,800 Gigabit,,,
vt1.24xlarge,$5.20000,96,192 GiB,EBS Only,25000 Megabit,,,
inf1.xlarge,$0.22800,4,8 GiB,EBS Only,Up to 25 Gigabit,,,
trn1.2xlarge,$1.34375,8,32 GiB,1 x 475 NVMe SSD,12500 Megabit,,,
inf1.2xlarge,$0.36200,8,16 GiB,EBS Only,Up to 25 Gigabit,,,
inf1.6xlarge,$1.18000,24,48 GiB,EBS Only,25 Gigabit,,,
trn1n.32xlarge,$24.78000,128,512 GiB,4 x 1900 NVMe SSD,1600 Gigabit,,,